initial_prompt,follow_up_prompt,Exact Retrieved Solution,Response to User Prompt,flag,username,timestamp
"In an electrostatic field, the electric displacement density vector, $\\vec{D}$, is given by\n\n$$\n\\vec{D}(x, y, z)=\\left(x^{3} \\vec{i}+y^{3} \\vec{j}+x y^{2} \\vec{k}\\right) C / m^{2}\n$$\n\nwhere $\\overrightarrow{\\mathrm{i}}, \\overrightarrow{\\mathrm{j}}, \\overrightarrow{\\mathrm{k}}$ are the unit vectors along $\\mathrm{x}$-axis, y-axis, and z-axis, respectively. Consider a cubical region $\\mathrm{R}$ centered at the origin with each side of length $1 \\mathrm{~m}$, and vertices at $( \\pm 0.5 \\mathrm{~m}, \\pm 0.5 \\mathrm{~m}, \\pm 0.5 \\mathrm{~m}$ ). The electric charge enclosed within $R$ is $\\qquad$ $\\mathrm{C}$ (rounded off to two decimal places).",,"<p>(0.5)</p>

<p>$$
\begin{aligned}
&amp; \overrightarrow{\mathrm{D}}(\mathrm{x}, \mathrm{y}, \mathrm{z})=\left(\mathrm{x}^{3} \vec{i}+\mathrm{y}^{3} \vec{j}+x y^{2} \vec{k}\right) c / m^{2} \
&amp; Q<em>{\text {enc. }}=\int</em>{v} \rho<em>{v} \cdot d V=\int(\nabla \cdot \vec{D}) d V \
&amp; \nabla \cdot \vec{D}=3 x^{2}+3 y^{2} \
&amp; d V=d x d y d z \
&amp; \therefore Q</em>{\text {enc. }}=\int<em>{v} 3\left(x^{2}+y^{2}\right) d x d y d z \
&amp; =3\left[\int</em>{-0.5}^{0.5} x^{2} d x \int<em>{-0.5}^{0.5} d y \int</em>{-0.5}^{0.5} d z+\int<em>{-0.5}^{0.5} d x \int</em>{-0.5}^{0.5} y^{2} d y \int<em>{-0.5}^{0.5} d z\right] \
&amp; =3\left[\left.\frac{x^{3}}{3}\right|</em>{-0.5} ^{0.5} \times 1 \times 1+\left.\frac{y^{3}}{3}\right|<em>{-0.5} ^{0.5} \times 1 \times 1\right] \
&amp; =0.25+0.25 \
&amp; Q</em>{\text {enc }}=0.5 C
\end{aligned}
$$</p>
",,,,2024-07-30 21:25:12.398944
